"1","Substance Abuse/Addiction Counseling"
"2","Child Abuse Pediatrics Residency Program"
"3","Accounting"
"4","Accounting and Finance"
"5","Accounting and Business/Management"
"6","Actuarial Science"
"7","Acting"
"8","Accounting and Computer Science"
"9","Acupuncture and Oriental Medicine"
"10","Purchasing, Procurement/Acquisitions and Contracts Management"
"11","Accounting Technology/Technician and Bookkeeping"
"12","Acoustics"
"13","Accounting and Related Services"
"14","Leisure and Recreational Activities"
"15","Citizenship Activities"
"16","Vehicle and Vehicle Parts and Accessories Marketing Operations"
"17","Apparel and Accessories Marketing Operations"
"18","Military Engineering Acoustics"
"19","Business Administration and Management, General"
"20","Human Resources Management/Personnel Administration, General"
"21","Advertising"
"22","Public Administration"
"23","Hospitality Administration/Management"
"24","Health/Health Care Administration/Management"
"25","Computer/Information Technology Administration and Management"
"26","Educational Leadership and Administration, General"
"27","Sport and Fitness Administration/Management"
"28","Hotel/Motel Administration/Management"
"29","Business Administration, Management and Operations"
"30","Higher Education/Higher Education Administration"
"31","Adult and Continuing Education and Teaching"
"32","Network and System Administration/Administrator"
"33","Commercial and Advertising Art"
"34","Health Services Administration"
"35","Administrative Assistant and Secretarial Science, General"
"36","Small Business Administration/Management"
"37","Legal Administrative Assistant/Secretary"
"38","Nursing Administration"
"39","Aerospace, Aeronautical and Astronautical Engineering"
"40","Aerospace, Aeronautical and Astronautical/Space Engineering"
"41","Aeronautics/Aviation/Aerospace Science and Technology, General"
"42","Aesthetician/Esthetician and Skin Care Specialist"
"43","Aeronautical/Aerospace Engineering Technology/Technician"
"44","Aerospace Physiology and Medicine"
"45","Aerospace Ground Equipment Technology"
"46","Master Aesthetician/Esthetician"
"47","Aerospace Medicine Residency Program"
"48","International Relations and Affairs"
"49","Urban Studies/Affairs"
"50","African Studies"
"51","African-American/Black Studies"
"52","Pharmacy Administration and Pharmacy Policy and Regulatory Affairs"
"53","African Languages, Literatures, and Linguistics"
"54","Agriculture, Agriculture Operations, and Related Sciences"
"55","Agricultural Economics"
"56","Agronomy and Crop Science"
"57","Agricultural Engineering"
"58","Agricultural Business and Management"
"59","Agribusiness/Agricultural Business Operations"
"60","Agricultural Communication/Journalism"
"61","Agriculture, General"
"62","Agroecology and Sustainable Agriculture"
"63","Agricultural Mechanization"
"64","Adult Development and Aging"
"65","Soil Science and Agronomy, General"
"66","International Agriculture"
"67","Agricultural and Horticultural Plant Breeding"
"68","Agricultural Animal Breeding"
"69","Agricultural Mechanics and Equipment/Machine Technology"
"70","Agricultural and Food Products Processing"
"71","Agricultural Business Technology"
"72","Agricultural Teacher Education"
"73","Agricultural and Extension Education Services"
"74","Aviation/Airway Management and Operations"
"75","Airline/Commercial/Professional Pilot and Flight Crew"
"76","Air Traffic Controller"
"77","Airframe Mechanics and Aircraft Maintenance Technology/Technician"
"78","Air Transportation"
"79","Heating, Ventilation, Air Conditioning and Refrigeration Engineering Technology/Technician"
"80","Air and Space Operations Technology"
"81","Aircraft Armament Systems Technology"
"82","Air Force JROTC/ROTC"
"83","Teacher Assistant/Aide"
"84","Teaching Assistants/Aides"
"85","Air Science/Airpower Studies"
"86","Home Health Aide/Home Attendant"
"87","Aircraft Powerplant Technology/Technician"
"88","Air Force ROTC, Air Science and Operations"
"89","Heating, Air Conditioning, Ventilation and Refrigeration Maintenance Technology/Technician"
"90","Medication Aide"
"91","Health Aide"
"92","Nursing Assistant/Aide and Patient Care Assistant/Aide"
"93","Rehabilitation Aide"
"94","Health Services/Allied Health/Health Sciences, General"
"95","Clinical/Medical Laboratory Science/Research and Allied Professions"
"96","Alternative and Complementary Medicine and Medical Systems"
"97","Algebra and Number Theory"
"98","Mental and Social Health Services and Allied Professions"
"99","Albanian Language and Literature"
"100","Ural-Altaic and Central Asian Studies"
"101","Allergy and Immunology Residency Program"
"102","Alternative and Complementary Medical Support Services"
"103","Ophthalmic and Optometric Support Services and Allied Professions"
"104","Allied Health Diagnostic, Intervention, and Treatment Professions"
"105","Allied Health and Medical Assisting Services"
"106","Dental Support Services and Allied Professions"
"107","Alternative Fuel Vehicle Technology/Technician"
"108","Turkic, Uralic-Altaic, Caucasian, and Central Asian Languages, Literatures, and Linguistics"
"109","Slavic, Baltic and Albanian Languages, Literatures, and Linguistics"
"110","American/United States Studies/Civilization"
"111","American History (United States)"
"112","Latin American Studies"
"113","American Government and Politics (United States)"
"114","American Sign Language"
"115","Hispanic and Latin American Languages, Literatures, and Linguistics, General"
"116","Asian-American Studies"
"117","American/U.S. Law/Legal Studies/Jurisprudence"
"118","American Indian/Native American Studies"
"119","Latin American and Caribbean Studies"
"120","Hispanic-American, Puerto Rican, and Mexican-American/Chicano Studies"
"121","American Sign Language (ASL)"
"122","American Indian/Native American Languages, Literatures, and Linguistics"
"123","Indian/Native American Education"
"124","Emergency Care Attendant (EMT Ambulance)"
"125","American Citizenship Education"
"126","American Literature (Canadian)"
"127","American Literature (United States)"
"128","Electrical and Electronics Engineering"
"129","English Language and Literature/Letters"
"130","Political Science and Government"
"131","Computer and Information Sciences and Support Services"
"132","Communication and Media Studies"
"133","Electrical, Electronics and Communications Engineering"
"134","Liberal Arts and Sciences/Liberal Studies"
"135","Computer Systems Networking and Telecommunications"
"136","Criminal Justice and Corrections"
"137","Business, Management, Marketing, and Related Support Services"
"138","English Literature (British and Commonwealth)"
"139","Human Resources Management and Services"
"140","Mathematics and Computer Science"
"141","Finance and Financial Management Services"
"142","Industrial and Product Design"
"143","Elementary Education and Teaching"
"144","Computer Programming, Specific Applications"
"145","Design and Applied Arts"
"146","Fashion/Apparel Design"
"147","Applied Mathematics"
"148","Engineering Physics/Applied Physics"
"149","Applied Economics"
"150","Apparel and Textiles"
"151","Computer Software and Media Applications"
"152","Applied Psychology"
"153","Applied Linguistics"
"154","Public/Applied History"
"155","Computational and Applied Mathematics"
"156","Public Relations, Advertising, and Applied Communication"
"157","Applied Behavior Analysis"
"158","Data Entry/Microcomputer Applications"
"159","Apparel and Textile Manufacture"
"160","Applied and Professional Ethics"
"161","Apparel and Textile Marketing Management"
"162","Military Technologies and Applied Sciences"
"163","Clinical, Counseling and Applied Psychology"
"164","Aquatic Biology/Limnology"
"165","Aquaculture"
"166","Architecture"
"167","Art/Art Studies, General"
"168","Fine/Studio Arts, General"
"169","Art History, Criticism and Conservation"
"170","Landscape Architecture"
"171","Culinary Arts/Chef Training"
"172","Drama and Dramatics/Theatre Arts, General"
"173","Classical, Ancient Mediterranean and Near Eastern Studies and Archaeology"
"174","Architectural Engineering"
"175","Naval Architecture and Marine Engineering"
"176","Architectural and Building Sciences/Technology"
"177","Arts, Entertainment, and Media Management"
"178","Interior Architecture"
"179","Artificial Intelligence"
"180","Military Operational Art and Science/Studies"
"181","Visual and Performing Arts"
"182","Art Therapy/Therapist"
"183","Legal Assistant/Paralegal"
"184","Computer and Information Systems Security/Information Assurance"
"185","Medical/Clinical Assistant"
"186","Physician Assistant"
"187","Teaching English as a Second or Foreign Language/ESL Language Instructor"
"188","Asian Studies/Civilization"
"189","Astrophysics"
"190","Astronomy"
"191","East Asian Studies"
"192","Veterinary/Animal Health Technology/Technician and Veterinary Assistant"
"193","Medical/Health Management and Clinical Assistant/Specialist"
"194","Dental Assisting/Assistant"
"195","Executive Assistant/Executive Secretary"
"196","Medical Administrative/Executive Assistant and Medical Secretary"
"197","Pharmacy Technician/Assistant"
"198","Medical Office Assistant/Specialist"
"199","Athletic Training/Trainer"
"200","Atmospheric Sciences and Meteorology"
"201","Atmospheric Physics and Dynamics"
"202","Atomic/Molecular Physics"
"203","Atmospheric Chemistry and Climatology"
"204","Health Aides/Attendants/Orderlies"
"205","Airline Flight Attendant"
"206","Audiology/Audiologist and Speech-Language Pathology/Pathologist"
"207","Business/Office Automation/Technology/Data Entry"
"208","Mechatronics, Robotics, and Automation Engineering"
"209","Auditing"
"210","Automotive Engineering Technology/Technician"
"211","Auctioneering"
"212","Automobile/Automotive Mechanics Technology/Technician"
"213","Assistive/Augmentative Technology and Rehabilitation Engineering"
"214","Autobody/Collision and Repair Technology/Technician"
"215","Audiology/Audiologist"
"216","Australian/Oceanic/Pacific Languages, Literatures, and Linguistics"
"217","Automation Engineer Technology/Technician"
"218","Audiovisual Communications Technologies/Technicians"
"219","Southeast Asian and Australasian/Pacific Languages, Literatures, and Linguistics"
"220","Education/Teaching of Individuals with Autism"
"221","Avionics Maintenance Technology/Technician"
"222","Personal Awareness and Self-Improvement"
"223","Self-Awareness and Personal Assessment"
"224","Career Exploration/Awareness Skills"
"225","Community Awareness"
"226","Ayurvedic Medicine/Ayurveda"
"227","Banking and Financial Support Services"
"228","Banking, Corporate, Finance, and Securities Law"
"229","Cosmetology, Barber/Styling, and Nail Instructor"
"230","Medical Microbiology and Bacteriology"
"231","Baking and Pastry Arts/Baker/Pastry Chef"
"232","Ballet"
"233","Bartending/Bartender"
"234","Barbering/Barber"
"235","Basic Skills and Developmental/Remedial Education"
"236","Balkans Studies"
"237","Basic Computer Skills"
"238","Baltic Studies"
"239","Baltic Languages, Literatures, and Linguistics"
"240","Blood Banking/Transfusion Medicine Residency Program"
"241","Energy and Biologically Based Therapies"
"242","Blood Bank Technology Specialist"
"243","Behavioral Sciences"
"244","Organizational Behavior Studies"
"245","Neurobiology and Behavior"
"246","Behavioral Aspects of Health"
"247","Animal Behavior and Ethology"
"248","Bengali Language and Literature"
"249","Salon/Beauty Salon Management/Manager"
"250","Developmental-Behavioral Pediatrics Residency Program"
"251","Veterinary Behaviorist Residency Program"
"252","Biology, General"
"253","Biochemistry"
"254","Biotechnology"
"255","Biomedical/Medical Engineering"
"256","Biology/Biological Sciences, General"
"257","Zoology/Animal Biology"
"258","Molecular Biology"
"259","Bioengineering and Biomedical Engineering"
"260","Botany/Plant Biology"
"261","Bible/Biblical Studies"
"262","Biochemistry and Molecular Biology"
"263","Bioinformatics"
"264","Biomedical Sciences, General"
"265","Marine Biology and Biological Oceanography"
"266","Human Biology"
"267","Biophysics"
"268","Biostatistics"
"269","Cell Biology and Anatomy"
"270","Environmental Biology"
"271","Biochemical Engineering"
"272","Blasting/Blaster"
"273","Education/Teaching of Individuals with Vision Impairments Including Blindness"
"274","Bosnian, Serbian, and Croatian Languages and Literatures"
"275","Boilermaking/Boilermaker"
"276","Asian Bodywork Therapy"
"277","Movement and Mind-Body Therapies and Education"
"278","Explosive Ordinance/Bomb Disposal"
"279","Somatic Bodywork"
"280","Somatic Bodywork and Related Therapeutic Services"
"281","Shoe, Boot and Leather Repair"
"282","Board, Card and Role-Playing Games"
"283","Broadcast Journalism"
"284","Brass Instruments"
"285","Radio and Television Broadcasting Technology/Technician"
"286","Education/Teaching of Individuals with Traumatic Brain Injuries"
"287","Business/Commerce, General"
"288","International Business"
"289","Business/Managerial Economics"
"290","International Business/Trade/Commerce"
"291","Business/Corporate Communications"
"292","International Business, Trade, and Tax Law"
"293","Building Construction Technology"
"294","Business Family and Consumer Sciences/Human Sciences"
"295","Building/Home/Construction Inspection/Inspector"
"296","Business Statistics"
"297","Building/Construction Finishing, Management, and Inspection"
"298","Geographic Information Science and Cartography"
"299","CAD/CADD Drafting and/or Design Technology/Technician"
"300","Canadian Law/Legal Studies/Jurisprudence"
"301","Architectural Drafting and Architectural CAD/CADD"
"302","Oncology and Cancer Biology"
"303","Clinical, Hospital, and Managed Care Pharmacy"
"304","Carpentry/Carpenter"
"305","Restaurant, Culinary, and Catering Management/Manager"
"306","Mechanical Drafting and Mechanical Drafting CAD/CADD"
"307","Critical Care Nursing"
"308","Geography and Cartography"
"309","Canadian Studies"
"310","Cardiovascular Technology/Technologist"
"311","Carpenters"
"312","Long Term Care Administration/Management"
"313","Canadian History"
"314","Cabinetmaking and Millwork"
"315","Russian, Central European, East European and Eurasian Studies"
"316","Ceramic Sciences and Engineering"
"317","Ceramic Arts and Ceramics"
"318","High School/Secondary Diplomas and Certificates"
"319","Cell/Cellular and Molecular Biology"
"320","Cell/Cellular Biology and Histology"
"321","Cell/Cellular Biology and Anatomical Sciences"
"322","Cell Physiology"
"323","Celtic Languages, Literatures, and Linguistics"
"324","Customer Service Support/Call Center/Teleservice Operation"
"325","Computer Programming, Vendor/Product Certification"
"326","Medical Residency Programs - Subspecialty Certificates"
"327","Medical Residency Programs - General Certificates"
"328","Certificate of IEP Completion Program"
"329","High School Certificate of Competence Program"
"330","High School Equivalence Certificate Program"
"331","High School/Secondary Certificate Programs"
"332","Chemistry"
"333","Chemical Engineering"
"334","Logistics, Materials, and Supply Chain Management"
"335","Organic Chemistry"
"336","Early Childhood Education and Teaching"
"337","Physical Chemistry"
"338","Analytical Chemistry"
"339","Chiropractic"
"340","Chinese Studies"
"341","Medicinal and Pharmaceutical Chemistry"
"342","Chinese Language and Literature"
"343","Child Development"
"344","Chemical Technology/Technician"
"345","Oceanography, Chemical and Physical"
"346","Inorganic Chemistry"
"347","Polymer Chemistry"
"348","Chemical Physics"
"349","Environmental Chemistry"
"350","Chemical and Biomolecular Engineering"
"351","Civil Engineering"
"352","Film/Cinema/Video Studies"
"353","City/Urban, Community and Regional Planning"
"354","Cinematography and Film/Video Production"
"355","European Studies/Civilization"
"356","Civil Engineering Technology/Technician"
"357","Ancient Studies/Civilization"
"358","Integrated Circuit Design"
"359","Civil Drafting and Civil Engineering CAD/CADD"
"360","Canadian Citizenship Education"
"361","Civil Engineering Technologies/Technicians"
"362","Clinical Psychology"
"363","Clinical Laboratory Science/Medical Technology/Technologist"
"364","Clinical/Medical Social Work"
"365","Veterinary Sciences/Veterinary Clinical Sciences, General"
"366","Clinical Nutrition/Nutritionist"
"367","Registered Nursing, Nursing Administration, Nursing Research and Clinical Nursing"
"368","Classics and Classical Languages, Literatures, and Linguistics"
"369","Health Professions and Related Clinical Sciences, Other"
"370","Clinical/Medical Laboratory Technician"
"371","Clinical Research Coordinator"
"372","Clinical Child Psychology"
"373","General Office Occupations and Clerical Services"
"374","Health Unit Coordinator/Ward Clerk"
"375","Clinical Nurse Specialist"
"376","Computer Numerically Controlled (CNC) Machinist Technology/CNC Machinist"
"377","Computer Science"
"378","Computer Engineering"
"379","Mass Communication/Media Studies"
"380","Computer Software Engineering"
"381","Counseling Psychology"
"382","Construction Management"
"383","Communication, General"
"384","Criminology"
"385","Creative Writing"
"386","Cultural Studies/Critical Theory and Analysis"
"387","Criminal Justice/Police Science"
"388","Crisis/Emergency/Disaster Management"
"389","Criminal Justice/Safety Studies"
"390","Credit Management"
"391","Architectural History and Criticism"
"392","Theatre Literature, History and Criticism"
"393","Criminal Justice/Law Enforcement Administration"
"394","Criminalistics and Criminal Science"
"395","Crafts/Craft Design, Folk Art and Artisanry"
"396","Crop Production"
"397","Mobil Crane Operation/Operator"
"398","Curriculum and Instruction"
"399","Cultural Anthropology"
"400","Ethnic, Cultural Minority, Gender, and Group Studies"
"401","Cooking and Related Culinary Arts, General"
"402","Cultural Resource Management and Policy Analysis"
"403","Educational, Instructional, and Curriculum Supervision"
"404","Customer Service Management"
"405","Culinary Science/Culinology"
"406","Personal and Culinary Services"
"407","Traffic, Customs, and Transportation Clerk/Technician"
"408","Meat Cutting/Meat Cutter"
"409","High Performance and Custom Engine Technician/Mechanic"
"410","Cultural/Archaelogical Resources Protection"
"411","Culinary Arts and Related Services"
"412","Area, Ethnic, Cultural, Gender, and Group Studies"
"413","Cyber/Computer Forensics and Counterterrorism"
"414","Cytotechnology/Cytotechnologist"
"415","Cyber/Electronic Operations and Warfare"
"416","Cytogenetics/Genetics/Clinical Genetics Technology/Technologist"
"417","Cytopathology Residency Program"
"418","Clinical Cytogenetics Residency Program"
"419","Czech Language and Literature"
"420","Data Processing"
"421","Dance"
"422","Data Modeling/Warehousing and Database Administration"
"423","Data Processing and Data Processing Technology/Technician"
"424","Dairy Science"
"425","Danish Language and Literature"
"426","Dance Therapy/Therapist"
"427","Dairy Husbandry and Production"
"428","Drama and Dance Teacher Education"
"429","Graphic Design"
"430","Interior Design"
"431","Design and Visual Communications, General"
"432","Dentistry"
"433","Development Economics and International Development"
"434","Human Development and Family Studies, General"
"435","Human Resources Development"
"436","Pharmaceutics and Drug Design"
"437","Dental Hygiene/Hygienist"
"438","Web Page, Digital/Multimedia and Information Resources Design"
"439","Game and Interactive Media Design"
"440","Environmental Design"
"441","Research and Development Management"
"442","Engineering Design"
"443","Real Estate Development"
"444","Communication Sciences and Disorders, General"
"445","Digital Communication and Media/Multimedia"
"446","Dietetics/Dietitian"
"447","Divinity/Ministry"
"448","Digital Arts"
"449","Directing and Theatrical Production"
"450","Prepress/Desktop Publishing and Digital Imaging Design"
"451","Intercultural/Multicultural and Diversity Studies"
"452","Dispute Resolution"
"453","Radio, Television, and Digital Communication"
"454","Diagnostic Medical Sonography/Sonographer and Ultrasound Technician"
"455","Funeral Direction/Service"
"456","Disability Studies"
"457","Tool and Die Technology/Technician"
"458","Dietetic Technician"
"459","Food Service, Waiter/Waitress, and Dining Room Management/Manager"
"460","Renal/Dialysis Technologist/Technician"
"461","Documentary Production"
"462","Dog/Pet/Animal Grooming"
"463","Cooking and Other Domestic Skills"
"464","Agricultural and Domestic Animal Services"
"465","Drafting and Design Technology/Technician, General"
"466","Drawing"
"467","Drafting/Design Engineering Technologies/Technicians"
"468","Clinical and Industrial Drug Development"
"469","Electrical/Electronics Drafting and Electrical/Electronics CAD/CADD"
"470","Driver and Safety Teacher Education"
"471","Truck and Bus Driver/Commercial Vehicle Operator and Instructor"
"472","Drama/Theatre Arts and Stagecraft"
"473","Well Drilling/Driller"
"474","Drywall Installation/Drywaller"
"475","Dutch/Flemish Language and Literature"
"476","Geology/Earth Science, General"
"477","Geological and Earth Sciences/Geosciences"
"478","Near and Middle Eastern Studies"
"479","Ancient Near Eastern and Biblical Languages, Literatures, and Linguistics"
"480","Construction/Heavy Equipment/Earthmoving Equipment Operation"
"481","Middle/Near Eastern and Semitic Languages, Literatures, and Linguistics"
"482","East Asian Languages, Literatures, and Linguistics"
"483","Earth Science Teacher Education"
"484","Education/Teaching of Individuals in Early Childhood Special Education Programs"
"485","Economics"
"486","International Economics"
"487","Econometrics and Quantitative Economics"
"488","Political Economy"
"489","Ecology"
"490","Ecology and Evolutionary Biology"
"491","Ecology, Evolution, Systematics, and Population Biology"
"492","Consumer Economics"
"493","Natural Resource Economics"
"494","Pharmacoeconomics/Pharmaceutical Economics"
"495","Military Economics and Management"
"496","Family and Consumer Economics and Related Studies"
"497","Family and Consumer Sciences/Home Economics Teacher Education"
"498","Education"
"499","Special Education and Teaching"
"500","Health and Physical Education/Fitness"
"501","Educational/Instructional Technology"
"502","Secondary Education and Teaching"
"503","Educational Psychology"
"504","Counselor Education/School Counseling and Guidance Services"
"505","Nursing Education"
"506","Teacher Education and Professional Development, Specific Subject Areas"
"507","International and Comparative Education"
"508","Religious Education"
"509","Environmental Education"
"510","Urban Education and Leadership"
"511","Educational Administration and Supervision"
"512","Educational Evaluation and Research"
"513","Animation, Interactive Technology, Video Graphics and Special Effects"
"514","Electrical, Electronic and Communications Engineering Technology/Technician"
"515","E-Commerce/Electronic Commerce"
"516","Electromechanical Engineering"
"517","Electrician"
"518","Industrial Electronics Technology/Technician"
"519","Electromechanical Technology/Electromechanical Engineering Technology"
"520","Electrical/Electronics Maintenance and Repair Technology"
"521","Elementary Particle Physics"
"522","Electrolysis/Electrology and Electrolysis Technician"
"523","Electromechanical Instrumentation and Maintenance Technologies/Technicians"
"524","Elementary and Middle School Administration/Principalship"
"525","Electroneurodiagnostic/Electroencephalographic Technology/Technologist"
"526","Electrical/Electronics Equipment Installation and Repair, General"
"527","Electrocardiograph Technology/Technician"
"528","Clinical Cardiac Electrophysiology Residency Program"
"529","Mortuary Science and Embalming/Embalmer"
"530","Developmental Biology and Embryology"
"531","Emergency Room/Trauma Nursing"
"532","Emergency Medicine Residency Program"
"533","Pediatric Emergency Medicine Residency Program"
"534","Veterinary Emergency and Critical Care Medicine Residency Program"
"535","Emergency Medical Technology/Technician (EMT Paramedic)"
"536","Vehicle Emissions Inspection and Maintenance Technology/Technician"
"537","Education/Teaching of Individuals with Emotional Disturbances"
"538","Mechanical Engineering"
"539","Engineering"
"540","Industrial Engineering"
"541","Engineering/Industrial Management"
"542","English Language and Literature, General"
"543","Telecommunications Engineering"
"544","Environmental/Environmental Health Engineering"
"545","Environmental Science"
"546","Materials Engineering"
"547","Epidemiology"
"548","Veterinary Preventive Medicine, Epidemiology, and Public Health"
"549","Graphic and Printing Equipment Operator, General Production"
"550","Horse Husbandry/Equine Science and Management"
"551","Equestrian/Equine Studies"
"552","Large Animal/Food Animal and Equine Surgery and Medicine"
"553","Home Furnishings and Equipment Installers"
"554","Heavy Equipment Maintenance Technology/Technician"
"555","Heavy/Industrial Equipment Maintenance Technologies"
"556","Computer Typography and Composition Equipment Operator"
"557","Real Estate"
"558","Self-Esteem and Values Clarification"
"559","Musicology and Ethnomusicology"
"560","Bioethics/Medical Ethics"
"561","Ethnic Studies"
"562","Ethics"
"563","European History"
"564","Microbial and Eukaryotic Genetics"
"565","Western European Studies"
"566","Meeting and Event Planning"
"567","Evolutionary Biology"
"568","Educational Assessment, Evaluation, and Research"
"569","Law Enforcement Record-Keeping and Evidence Management"
"570","Kinesiology and Exercise Science"
"571","Exercise Physiology"
"572","Experimental Psychology"
"573","Pathology/Experimental Pathology"
"574","Travel and Exploration"
"575","Sports and Exercise"
"576","Health/Medical Claims Examiner"
"577","Research and Experimental Psychology"
"578","Fashion Merchandising"
"579","Facilities Planning and Management"
"580","Family Practice Nurse/Nursing"
"581","Family and Consumer Sciences/Human Sciences"
"582","Family and Consumer Sciences/Human Sciences Communication"
"583","Marriage and Family Therapy/Counseling"
"584","Family and Community Services"
"585","Family Psychology"
"586","Farm/Farm and Ranch Management"
"587","Work and Family Studies"
"588","Family Resource Management Studies, General"
"589","Parks, Recreation and Leisure Facilities Management"
"590","Metal Fabricator"
"591","Family Systems"
"592","Hospital and Health Care Facilities Administration/Management"
"593","Fashion Modeling"
"594","Maternal and Fetal Medicine Residency Program"
"595","Finance, General"
"596","Financial Planning and Services"
"597","International Finance"
"598","Financial Mathematics"
"599","Homeland Security, Law Enforcement, Firefighting and Related Protective Services"
"600","Fire Science/Fire-fighting"
"601","Wildlife, Fish and Wildlands Science and Management"
"602","Public Finance"
"603","Parks, Recreation, Leisure, and Fitness Studies"
"604","Fishing and Fisheries Sciences and Management"
"605","Physical Fitness Technician"
"606","Hydraulics and Fluid Power Technology/Technician"
"607","Flight Instructor"
"608","Flagging and Traffic Control"
"609","Carpet, Floor, and Tile Worker"
"610","Floriculture/Floristry Operations and Management"
"611","Foods, Nutrition, and Wellness Studies, General"
"612","Food Science"
"613","Foreign Languages and Literatures, General"
"614","Food Technology and Processing"
"615","Forestry"
"616","Food Science and Technology"
"617","Forensic Science and Technology"
"618","Forensic Psychology"
"619","Forest Management/Forest Resources Management"
"620","Restaurant/Food Services Management"
"621","Topology and Foundations"
"622","Forest Sciences and Biology"
"623","Forest Engineering"
"624","Folklore Studies"
"625","Forest Resources Production and Management"
"626","Foods, Nutrition, and Related Services"
"627","Financial Forensics and Fraud Investigation"
"628","Forensic Chemistry"
"629","French Studies"
"630","French Language and Literature"
"631","Teaching French as a Second or Foreign Language"
"632","Franchising and Franchise Operations"
"633","Teaching English or French as a Second or Foreign Language"
"634","French Language Teacher Education"
"635","Furniture Design and Manufacturing"
"636","Analysis and Functional Analysis"
"637","Funeral Service and Mortuary Science"
"638","Computer Games and Programming Skills"
"639","Gay/Lesbian Studies"
"640","Pediatric Gastroenterology Residency Program"
"641","Gastroenterology Residency Program"
"642","General Studies"
"643","Marketing/Marketing Management, General"
"644","Management Information Systems, General"
"645","Geography"
"646","Microbiology, General"
"647","Computer and Information Sciences, General"
"648","Education/Teaching of the Gifted and Talented"
"649","International/Global Studies"
"650","Glazier"
"651","Canadian Government and Politics"
"652","Golf Course Operation and Grounds Management"
"653","Graphic Communications"
"654","Computer Graphics"
"655","Landscaping and Groundskeeping"
"656","Modern Greek Language and Literature"
"657","Medical Clinical Sciences/Graduate Medical Studies"
"658","Advanced/Graduate Dentistry and Oral Sciences"
"659","Ancient/Classical Greek Language and Literature"
"660","Greenhouse Operations and Management"
"661","Ground Transportation"
"662","Cosmetology and Related Personal Grooming Services"
"663","Gunsmithing/Gunsmith"
"664","Gynecologic Oncology Residency Program"
"665","Obstetrics and Gynecology Residency Program"
"666","Computer Hardware Engineering"
"667","Hair Styling/Stylist and Hair Design"
"668","Computer Hardware Technology/Technician"
"669","Handicrafts and Model-Making"
"670","Hazardous Materials Management and Waste Technology/Technician"
"671","Surgery of the Hand Residency Program"
"672","Heating, Air Conditioning, Ventilation and Refrigeration Maintenance Technology/Technician (HAC, HACR, HVAC, HVACR)"
"673","Hazardous Materials Information Systems Technology/Technician"
"674","Public Health"
"675","Health and Wellness, General"
"676","Mental Health Counseling/Counselor"
"677","Environmental Health"
"678","Health/Medical Physics"
"679","International Public Health/International Health"
"680","Health Information/Medical Records Technology/Technician"
"681","Community Health and Preventive Medicine"
"682","Community Health Services/Liaison/Counseling"
"683","Occupational Health and Industrial Hygiene"
"684","Health Law"
"685","Traditional Chinese Medicine and Chinese Herbology"
"686","Health Communication"
"687","History"
"688","Transportation and Highway Engineering"
"689","Historic Preservation and Conservation"
"690","Music History, Literature, and Theory"
"691","History and Philosophy of Science and Technology"
"692","Military History"
"693","Plasma and High-Temperature Physics"
"694","Asian History"
"695","Junior High/Intermediate/Middle School Education and Teaching"
"696","Hotel, Motel, and Restaurant Management"
"697","Homeland Security"
"698","Homeopathic Medicine/Homeopathy"
"699","Ornamental Horticulture"
"700","Holistic Health"
"701","Horticultural Science"
"702","Housing and Human Environments"
"703","Holocaust and Related Studies"
"704","Home Maintenance and Improvement"
"705","Humanities/Humanistic Studies"
"706","Human Services, General"
"707","Human Computer Interaction"
"708","Human Nutrition"
"709","Human/Medical Genetics"
"710","Animal/Livestock Husbandry and Production"
"711","Hungarian/Magyar Language and Literature"
"712","Liberal Arts and Sciences, General Studies and Humanities"
"713","Hydrology and Water Resources Science"
"714","Hypnotherapy/Hypnotherapist"
"715","Undersea and Hyperbaric Medicine Residency Program"
"716","Spanish and Iberian Studies"
"717","Illustration"
"718","Medical Illustration/Medical Illustrator"
"719","Medical Illustration and Informatics"
"720","Public Relations/Image Management"
"721","Immunology"
"722","Microbiology and Immunology"
"723","Platemaker/Imager"
"724","Veterinary Microbiology and Immunobiology"
"725","Microbiological Sciences and Immunology"
"726","Immunopathology Residency Program"
"727","Magnetic Resonance Imaging (MRI) Technology/Technician"
"728","Personal Health Improvement and Maintenance"
"729","Education/Teaching of Individuals with Speech or Language Impairments"
"730","Education/Teaching of Individuals with Orthopedic and Other Physical Health Impairments"
"731","Education/Teaching of Individuals with Hearing Impairments Including Deafness"
"732","Information Technology"
"733","Informatics"
"734","Information Technology Project Management"
"735","International Marketing"
"736","Library and Information Science"
"737","Information Resources Management"
"738","Industrial and Organizational Psychology"
"739","Irish Studies"
"740","Iranian/Persian Languages, Literatures, and Linguistics"
"741","Special, Irregular and Counterterrorist Operations"
"742","Ironworking/Ironworker"
"743","Iranian Languages, Literatures, and Linguistics"
"744","Islamic Studies"
"745","Italian Studies"
"746","Italian Language and Literature"
"747","Japanese Studies"
"748","Japanese Language and Literature"
"749","Jazz/Jazz Studies"
"750","Jewish/Judaic Studies"
"751","Watchmaking and Jewelrymaking"
"752","Metal and Jewelry Arts"
"753","Journalism"
"754","Job-Seeking/Changing Skills"
"755","Military Joint Operations Planning and Strategy"
"756","Joint Command/Task Force (C3, C4I) Systems"
"757","Military Information Operations/Joint Information Operations"
"758","Communication, Journalism, and Related Programs"
"759","Army JROTC/ROTC"
"760","Navy/Marine Corps JROTC/ROTC"
"761","Juvenile Corrections"
"762","Education/Teaching of Individuals in Junior High/Middle School Special Education Programs"
"763","Keyboard Instruments"
"764","Khmer/Cambodian Language and Literature"
"765","Food Preparation/Professional Cooking/Kitchen Assistant"
"766","Kindergarten/Preschool Education and Teaching"
"767","Kinesiotherapy/Kinesiotherapist"
"768","Knowledge Management"
"769","Birthing and Parenting Knowledge and Skills"
"770","Health-Related Knowledge and Skills"
"771","Korean Studies"
"772","Korean Language and Literature"
"773","Law"
"774","Labor and Industrial Relations"
"775","International Law and Legal Studies"
"776","Speech-Language Pathology/Pathologist"
"777","System, Networking, and LAN/WAN Management/Manager"
"778","German Language and Literature"
"779","Tax Law/Taxation"
"780","Spanish Language and Literature"
"781","Organizational Leadership"
"782","Legal Studies, General"
"783","Parks, Recreation and Leisure Studies"
"784","Military and Strategic Leadership"
"785","Second Language Learning"
"786","Legal Professions and Studies"
"787","Learning Sciences"
"788","Clinical Nurse Leader"
"789","Legal Research and Advanced Professional Studies"
"790","Advanced Legal Research/Studies, General"
"791","Linguistics"
"792","Library Science"
"793","Literature"
"794","Comparative Literature"
"795","Russian Language and Literature"
"796","Logic"
"797","Locksmithing and Safe Repair"
"798","Security and Loss Prevention Services"
"799","Military Low-Observables and Stealth Technology"
"800","Marketing"
"801","Mathematics"
"802","Project Management"
"803","Medicine"
"804","General Sales, Merchandising and Related Marketing Operations"
"805","Veterinary Medicine"
"806","Mechanics and Repairers, General"
"807","Mechanical Engineering Related Technologies/Technicians"
"808","Metallurgical Engineering"
"809","Specialized Sales, Merchandising and  Marketing Operations"
"810","Mining and Mineral Engineering"
"811","Youth Ministry"
"812","Missions/Missionary Studies and Missiology"
"813","Theological and Ministerial Studies"
"814","Nurse Midwife/Nursing Midwifery"
"815","Urban Ministry"
"816","Transportation and Materials Moving"
"817","Molecular Genetics"
"818","Transportation/Mobility Management"
"819","Molecular Medicine"
"820","Plant Molecular Biology"
"821","Molecular Pharmacology"
"822","Molecular Biophysics"
"823","Modeling, Virtual Environments and Simulation"
"824","Molecular Toxicology"
"825","Motorcycle Maintenance and Repair Technology/Technician"
"826","Molecular Biochemistry"
"827","Music"
"828","Music Pedagogy"
"829","Intermedia/Multimedia"
"830","Music Theory and Composition"
"831","Multi-/Interdisciplinary Studies, General"
"832","Web/Multimedia Management and Webmaster"
"833","Music Performance, General"
"834","Museology/Museum Studies"
"835","Musical Theatre"
"836","Music Technology"
"837","Music Therapy/Therapist"
"838","Music Management"
"839","Bilingual and Multilingual Education"
"840","Multicultural Education"
"841","Religious/Sacred Music"
"842","Mycology"
"843","Natural Sciences"
"844","National Security Policy Studies"
"845","Energy, Environment, and Natural Resources Law"
"846","Natural Resources Management and Policy"
"847","Natural Resources/Conservation, General"
"848","Naturopathic Medicine/Naturopathy"
"849","Nanotechnology"
"850","Natural Products Chemistry and Pharmacognosy"
"851","Naval Science and Operational Studies"
"852","Natural Resource Recreation and Tourism"
"853","Natural Resources and Conservation"
"854","Nail Technician/Specialist and Manicurist"
"855","International Relations and National Security Studies"
"856","Natural Resources Law Enforcement and Protective Services"
"857","Neuroscience"
"858","Neuropharmacology"
"859","Maternal/Child Health and Neonatal Nurse/Nursing"
"860","Neurobiology and Anatomy"
"861","Neuroanatomy"
"862","Neurobiology and Neurosciences"
"863","Vascular Neurology Residency Program"
"864","Plastic Surgery Within the Head and Neck Residency Program"
"865","Pediatric Nephrology Residency Program"
"866","Neurotology Residency Program"
"867","Neuroradiology Residency Program"
"868","Neuropathology Residency Program"
"869","Non-Profit/Public/Organizational Management"
"870","Norwegian Language and Literature"
"871","Non-Professional General Legal Studies (Undergraduate)"
"872","Registered Nursing/Registered Nurse"
"873","Nuclear Engineering"
"874","Nutrition Sciences"
"875","Nuclear Physics"
"876","Pre-Nursing Studies"
"877","Nursing Science"
"878","Nuclear Engineering Technology/Technician"
"879","Animal Nutrition"
"880","Pediatric Nurse/Nursing"
"881","Adult Health Nurse/Nursing"
"882","Nuclear/Nuclear Power Technology/Technician"
"883","Psychiatric/Mental Health Nurse/Nursing"
"884","Occupational Therapy/Therapist"
"885","Ocean Engineering"
"886","Pre-Occupational Therapy Studies"
"887","Occupational Safety and Health Technology/Technician"
"888","Occupational Therapist Assistant"
"889","Occupational and Environmental Health Nursing"
"890","Occupational Medicine Residency Program"
"891","Vocational High School and Secondary Business/Vocational-Industrial/Occupational Diploma Program"
"892","Military Operational Oceanography"
"893","Health Occupations Teacher Education"
"894","Office Management and Supervision"
"895","Medical Office Management/Administration"
"896","Social and Philosophical Foundations of Education"
"897","Marine Science/Merchant Marine Officer"
"898","Weapons of Mass Destruction"
"899","Linguistics of ASL and Other Sign Languages"
"900","Medical Office Computer Specialist/Assistant"
"901","Orthopedic Surgery of the Spine Residency Program"
"902","Education/Teaching of Individuals in Secondary Special Education Programs"
"903","Education/Teaching of Individuals in Elementary Special Education Programs"
"904","Pediatric Hematology-Oncology Residency Program"
"905","Musculoskeletal Oncology Residency Program"
"906","Medical Oncology Residency Program"
"907","Radiation Oncology Residency Program"
"908","Operations Management and Supervision"
"909","Operations Research"
"910","Optometry"
"911","Optics/Optical Sciences"
"912","Voice and Opera"
"913","Laser and Optical Engineering"
"914","Vision Science/Physiological Optics"
"915","Retailing and Retail Operations"
"916","Military Science and Operational Studies"
"917","Organizational Communication, General"
"918","Orthodontics/Orthodontology"
"919","Oral/Maxillofacial Surgery"
"920","Community Organization and Advocacy"
"921","Oral Biology and Oral and Maxillofacial Pathology"
"922","Orthoptics/Orthoptist"
"923","Munitions Systems/Ordinance Technology"
"924","Orthopedic Surgery Residency Program"
"925","Osteopathic Medicine/Osteopathy"
"926","Engineering Technologies/Technicians, Other"
"927","Pediatric Otolaryngology Residency Program"
"928","Otolaryngology Residency Program"
"929","Outdoor Education"
"930","Pet Ownership and Care"
"931","Painting"
"932","Pastoral Studies/Counseling"
"933","Plant Pathology/Phytopathology"
"934","Paper Science and Engineering"
"935","Packaging Science"
"936","Wood Science and Wood Products/Pulp and Paper Technology"
"937","Veterinary Pathology and Pathobiology"
"938","Parasitology"
"939","Paleontology"
"940","Petroleum Engineering"
"941","Peace Studies and Conflict Resolution"
"942","Petroleum Technology/Technician"
"943","Periodontics/Periodontology"
"944","Pediatric Dentistry/Pedodontics"
"945","Student Counseling and Personnel Services"
"946","Plant Protection and Integrated Pest Management"
"947","College Student Counseling and Personnel Services"
"948","Business and Personal/Financial Services Marketing Operations"
"949","Perfusion Technology/Perfusionist"
"950","Personality Psychology"
"951","Geochemistry and Petrology"
"952","Permanent Cosmetics/Makeup and Tattooing"
"953","Physics"
"954","Physical Sciences"
"955","Pharmacy"
"956","Philosophy"
"957","Photography"
"958","Theoretical and Mathematical Physics"
"959","Physical Therapy/Therapist"
"960","Engineering Physics"
"961","Pharmacology"
"962","Pharmaceutical Sciences"
"963","Physiology, General"
"964","Photojournalism"
"965","Pipefitting/Pipefitter and Sprinkler Fitter"
"966","Aircraft Pilot (Private)"
"967","Playwriting and Screenwriting"
"968","Polymer/Plastics Engineering"
"969","Plant Sciences"
"970","Plant Physiology"
"971","Plumbing and Related Water Supply Services"
"972","Plastics and Polymer Engineering Technology/Technician"
"973","Land Use Planning and Management/Development"
"974","Plant Genetics"
"975","Planetary Astronomy and Science"
"976","Plumbing Technology/Plumber"
"977","Public Policy Analysis"
"978","Political Communication"
"979","Podiatric Medicine/Podiatry"
"980","Demography and Population Studies"
"981","Poultry Science"
"982","Polish Studies"
"983","Polish Language and Literature"
"984","Computer Programming"
"985","Pre-Engineering"
"986","Pre-Law Studies"
"987","Pre-Medicine/Pre-Medical Studies"
"988","Intellectual Property Law"
"989","Printmaking"
"990","Psychology"
"991","Social Psychology"
"992","School Psychology"
"993","Psychoanalysis and Psychotherapy"
"994","Community Psychology"
"995","Environmental Psychology"
"996","Psychopharmacology"
"997","Developmental and Child Psychology"
"998","Psychology Teacher Education"
"999","Publishing"
"1000","Public Health Education and Promotion"
"1001","Dental Public Health and Education"
"1002","Punjabi Language and Literature"
"1003","Pulmonary Disease Residency Program"
"1004","Pediatric Pulmonology Residency Program"
"1005","Management Sciences and Quantitative Methods"
"1006","Research Methodology and Quantitative Methods"
"1007","Quality Control Technology/Technician"
"1008","Water Quality and Wastewater Treatment Management and Recycling Technology/Technician"
"1009","Psychometrics and Quantitative Psychology"
"1010","Quality Control and Safety Technologies/Technicians"
"1011","Radio and Television"
"1012","Radiologic Technology/Science - Radiographer"
"1013","Rabbinical Studies"
"1014","Range Science and Management"
"1015","Radiation Biology/Radiobiology"
"1016","Radiation Protection/Health Physics Technician"
"1017","Railroad and Railway Transportation"
"1018","Radar Communications and Systems Technology"
"1019","Medical Radiologic Technology/Science - Radiation Therapist"
"1020","Radiologist Assistant"
"1021","Vascular and Interventional Radiology Residency Program"
"1022","Therapeutic Radiologic Physics Residency Program"
"1023","Radioisotopic Pathology Residency Program"
"1024","Pediatric Radiology Residency Program"
"1025","Nuclear Radiology Residency Program"
"1026","Diagnostic Radiologic Physics Residency Program"
"1027","Radiologic Physics Residency Program"
"1028","Religion/Religious Studies"
"1029","Retail Management"
"1030","Speech Communication and Rhetoric"
"1031","Rhetoric and Composition"
"1032","Rhetoric and Composition/Writing Studies"
"1033","Rheumatology Residency Program"
"1034","Pediatric Rheumatology Residency Program"
"1035","Pacific Area/Pacific Rim Studies"
"1036","Romance Languages, Literatures, and Linguistics"
"1037","Robotics Technology/Technician"
"1038","Romanian Language and Literature"
"1039","Perioperative/Operating Room and Surgical Nurse/Nursing"
"1040","Roofer"
"1041","Navy/Marine ROTC, Naval Science and Operations"
"1042","Army ROTC, Military Science and Operations"
"1043","Russian Studies"
"1044","Rural Sociology"
"1045","Recreation Vehicle (RV) Service Technician"
"1046","Fire Prevention and Safety Technology/Technician"
"1047","Industrial Safety Technology/Technician"
"1048","Sanskrit and Classical Indian Languages, Literatures, and Linguistics"
"1049","Selling Skills and Sales Operations"
"1050","Sales, Distribution, and Marketing Operations, General"
"1051","Sales and Marketing Operations/Marketing and Distribution Teacher Education"
"1052","Social Sciences"
"1053","Materials Science"
"1054","Management Science"
"1055","Tourism and Travel Services Management"
"1056","Geophysics and Seismology"
"1057","Investments and Securities"
"1058","Machine Shop Technology/Assistant"
"1059","Sheet Metal Technology/Sheetworking"
"1060","Marine Maintenance/Fitter and Ship Repair Technology/Technician"
"1061","Sign Language Interpretation and Translation"
"1062","Building/Construction Site Management/Manager"
"1063","Military Signal/Geospatial Intelligence"
"1064","Business and Social Skills"
"1065","Stress Management and Coping Skills"
"1066","Interpersonal and Social Skills"
"1067","Personal Decision-Making Skills"
"1068","Interpersonal Relationships Skills"
"1069","Slavic Languages, Literatures, and Linguistics, General"
"1070","Slavic Studies"
"1071","Slovak Language and Literature"
"1072","Sleep Medicine Residency Program"
"1073","Small/Companion Animal Surgery and Medicine"
"1074","Entrepreneurial and Small Business Operations"
"1075","Small Engine Mechanics and Repair Technology/Technician"
"1076","Sociology"
"1077","Social Work"
"1078","Sociology and Anthropology"
"1079","Soil Sciences"
"1080","Science, Technology and Society"
"1081","Wine Steward/Sommelier"
"1082","Southeast Asian Studies"
"1083","Computer Software Technology/Technician"
"1084","South Asian Studies"
"1085","Soil Chemistry and Physics"
"1086","Sports Studies"
"1087","Computer Support Specialist"
"1088","Sports Communication"
"1089","Make-Up Artist/Specialist"
"1090","Statistics"
"1091","Theology/Theological Studies"
"1092","Entrepreneurship/Entrepreneurial Studies"
"1093","Environmental Studies"
"1094","German Studies"
"1095","Surveying Technology/Surveying"
"1096","Surgical Technology/Technologist"
"1097","Sustainability Studies"
"1098","Surveying Engineering"
"1099","Superintendency and Educational System Administration"
"1100","Swedish Language and Literature"
"1101","Computer Technology/Computer Systems Technology"
"1102","Systems Engineering"
"1103","Energy Management and Systems Technology/Technician"
"1104","Systems Science and Theory"
"1105","Management Information Systems and Services"
"1106","Computer Systems Analysis"
"1107","Computer Systems Analysis/Analyst"
"1108","Missile and Space Systems Technology"
"1109","Taxation"
"1110","Talmudic Studies"
"1111","Tamil Language and Literature"
"1112","Taxidermy/Taxidermist"
"1113","Filipino/Tagalog Language and Literature"
"1114","Industrial Technology/Technician"
"1115","Theatre/Theater"
"1116","Massage Therapy/Therapeutic Massage"
"1117","Therapeutic Recreation/Recreational Therapy"
"1118","Technical Theatre/Theatre Design and Technology"
"1119","Theoretical Chemistry"
"1120","Tibetan Studies"
"1121","Tibetan Language and Literature"
"1122","Toxicology"
"1123","Pharmacology and Toxicology"
"1124","Machine Tool Technology/Machinist"
"1125","Environmental Toxicology"
"1126","Veterinary Toxicology and Pharmacology"
"1127","Tourism and Travel Services Marketing Operations"
"1128","Medical Toxicology Residency Program"
"1129","Veterinary Toxicology Residency Program"
"1130","Tourism Promotion Operations"
"1131","Medical Transcription/Transcriptionist"
"1132","Marine Transportation"
"1133","Language Interpretation and Translation"
"1134","Yoga Teacher Training/Yoga Therapy"
"1135","Workforce Development and Training"
"1136","Turf and Turfgrass Management"
"1137","Turkish Language and Literature"
"1138","Adult Literacy Tutor/Instructor"
"1139","Ukrainian Language and Literature"
"1140","Ukraine Studies"
"1141","Health Unit Manager/Ward Supervisor"
"1142","Undersea Warfare"
"1143","College/University Preparatory and Advanced High School/Secondary Diploma Program"
"1144","Upholstery/Upholsterer"
"1145","Leatherworking and Upholstery"
"1146","Urban Forestry"
"1147","Urdu Language and Literature"
"1148","Uralic Languages, Literatures, and Linguistics"
"1149","Pediatric Urology Residency Program"
"1150","Urology Residency Program"
"1151","Vascular Surgery Residency Program"
"1152","Pre-Veterinary Studies"
"1153","Vehicle Maintenance and Repair Technologies"
"1154","Veterinary Physiology"
"1155","Veterinary Biomedical and Clinical Sciences"
"1156","Veterinary Anatomy"
"1157","Medium/Heavy Vehicle and Truck Technology/Technician"
"1158","Veterinary Clinical Pharmacology Residency Program"
"1159","Poultry Veterinarian Residency Program"
"1160","Virology"
"1161","Viticulture and Enology"
"1162","Photographic and Film/Video Technology/Technician and Assistant"
"1163","Film/Video and Photographic Arts"
"1164","Vietnamese Language and Literature"
"1165","Vocational Rehabilitation Counseling/Counselor"
"1166","Practical Nursing, Vocational Nursing and Nursing Assistants"
"1167","Licensed Practical/Vocational Nurse Training"
"1168","Theology and Religious Vocations"
"1169","Water Resources Engineering"
"1170","Water, Wetlands, and Marine Resources Management"
"1171","Painting/Painter and Wall Coverer"
"1172","Parts and Warehousing Operations and Maintenance Technology/Technician"
"1173","Parts, Warehousing, and Inventory Management Operations"
"1174","Waldorf/Steiner Teacher Education"
"1175","Information/Psychological Warfare and Military Media Relations"
"1176","Welding Technology/Welder"
"1177","Fiber, Textile and Weaving Arts"
"1178","Welding Engineering Technology/Technician"
"1179","Education/Teaching of Individuals Who are Developmentally Delayed"
"1180","Agricultural/Farm Supplies Retailing and Wholesaling"
"1181","Wildlife Biology"
"1182","Wildland/Forest Firefighting and Investigation"
"1183","Education/Teaching of Individuals with Specific Learning Disabilities"
"1184","Education/Teaching of Individuals with Multiple Disabilities"
"1185","Education/Teaching of Individuals with Mental Retardation"
"1186","Wildlife and Wildlands Science and Management"
"1187","Women&#39;s Studies"
"1188","Woodwind Instruments"
"1189","Word Processing"
"1190","Woodworking"
"1191","Women&#39;s Health Nurse/Nursing"
"1192","Developmental Services Worker"
"1193","Women&#39;s Ministry"
"1194","Precision Metal Working"
"1195","Institutional Food Workers"
"1196","Writing, General"
"1197","Professional, Technical, Business, and Scientific Writing"
"1198","Youth Services/Administration"
"1199","Children and Youth Library Services"
"1200","Zoological Medicine Residency Program"
